<?xml version = '1.0' encoding = 'UTF-8'?>
<oa:listOfValues version="10.1.3_3_GENERIC_160317" xml:lang="en-US" xmlns:oa="http://xmlns.oracle.com/oa" xmlns:jrad="http://xmlns.oracle.com/jrad" xmlns:ui="http://xmlns.oracle.com/uix/ui" xmlns:user="http://xmlns.oracle.com/jrad/user" xmlns="http://xmlns.oracle.com/jrad" file-version="$Header$" scope="/" amDefName="xxgam.oracle.apps.fa.sumaria.inquiry.lov.server.XxGamInquiryLovAM">
   <ui:contents>
      <oa:table name="XxGamUnidadOperativaRN" id="XxGamUnidadOperativaVO1">
         <ui:contents>
            <oa:messageStyledText id="Organizacion" dataType="VARCHAR2" prompt="Organizacion" viewName="XxGamUnidadOperativaVO1" viewAttr="Organizacion" maximumLength="113" queryable="true"/>
            <oa:messageStyledText id="Id" dataType="VARCHAR2" prompt="Id" viewName="XxGamUnidadOperativaVO1" viewAttr="Id" maximumLength="30" queryable="true"/>
         </ui:contents>
      </oa:table>
   </ui:contents>
</oa:listOfValues>
