<?xml version='1.0' encoding='windows-1252' ?>
<!DOCTYPE AppModule SYSTEM "jbo_03_01.dtd">

<AppModule
   Name="InquiryAM"
   ComponentClass="xxgam.oracle.apps.fa.sumaria.inquiry.server.InquiryAMImpl" >
   <Properties>
      <Property Name ="RETENTION_LEVEL" Value ="MANAGE_STATE" />
   </Properties>
   <DesignTime>
      <Attr Name="_isCodegen" Value="true" />
      <Attr Name="_version" Value="10.1.3.41.57" />
      <Attr Name="_deployType" Value="0" />
   </DesignTime>
   <ViewUsage
      Name="XxGamSafOmTblVO1"
      ViewObjectName="xxgam.oracle.apps.fa.sumaria.inquiry.server.XxGamSafOmTblVO" >
   </ViewUsage>
   <ViewUsage
      Name="XxGamSafYtdeTblVO1"
      ViewObjectName="xxgam.oracle.apps.fa.sumaria.inquiry.server.XxGamSafYtdeTblVO" >
   </ViewUsage>
   <ViewUsage
      Name="XxGamSafSumariaTblVO1"
      ViewObjectName="xxgam.oracle.apps.fa.sumaria.inquiry.server.XxGamSafSumariaTblVO" >
   </ViewUsage>
</AppModule>
