<?xml version='1.0' encoding='windows-1252' ?>
<!DOCTYPE ViewObject SYSTEM "jbo_03_01.dtd">

<ViewObject
   Name="XxGamSafSumariaTblVO"
   OrderBy="START_PERIOD"
   BindingStyle="OracleName"
   CustomQuery="true"
   RowClass="xxgam.oracle.apps.fa.sumaria.inquiry.server.XxGamSafSumariaTblVORowImpl"
   ComponentClass="xxgam.oracle.apps.fa.sumaria.inquiry.server.XxGamSafSumariaTblVOImpl"
   UseGlueCode="false" >
   <SQLQuery><![CDATA[
SELECT  OPERATING_UNIT     
		, PERIOD     
		, START_PERIOD     
		, END_PERIOD     
		, SAF_SUMARIA_ID     
		, XML_STRING
		, LAST_UPDATE_DATE     
		, LAST_UPDATED_BY      
		, LAST_UPDATE_LOGIN     
		, CREATED_BY     
		, CREATION_DATE     
		, REQUEST_ID     
		, PROGRAM_APPLICATION_ID     
		, PROGRAM_ID     
		, PROGRAM_UPDATE_DATE      
		, ATTRIBUTE_CATEGORY     
		, ATTRIBUTE1     
		, ATTRIBUTE2     
		, ATTRIBUTE3     
		, ATTRIBUTE4     
		, ATTRIBUTE5   
FROM	BOLINF.XXGAM_SAF_SUMARIA_TBL
where operating_unit = (select substr(org.NAME,1,2)
FROM hr_all_organization_units org,
         hr_organization_information_v hoi
WHERE org.organization_id = hoi.organization_id
AND  hoi.org_information1 = 'OPERATING_UNIT'
AND  org.ORGANIZATION_ID = fnd_profile.value('ORG_ID')
)
   ]]></SQLQuery>
   <DesignTime>
      <Attr Name="_isCodegen" Value="true" />
      <Attr Name="_isExpertMode" Value="true" />
      <Attr Name="_version" Value="10.1.3.41.57" />
      <Attr Name="_codeGenFlag2" Value="Access|Coll" />
   </DesignTime>
   <ViewAttribute
      Name="OperatingUnit"
      IsUpdateable="false"
      IsPersistent="false"
      IsNotNull="true"
      Precision="100"
      Type="java.lang.String"
      ColumnType="VARCHAR2"
      AliasName="OPERATING_UNIT"
      Expression="OPERATING_UNIT"
      SQLType="VARCHAR" >
      <DesignTime>
         <Attr Name="_DisplaySize" Value="100" />
      </DesignTime>
   </ViewAttribute>
   <ViewAttribute
      Name="Period"
      IsUpdateable="false"
      IsPersistent="false"
      IsNotNull="true"
      Precision="100"
      Type="java.lang.String"
      ColumnType="VARCHAR2"
      AliasName="PERIOD"
      Expression="PERIOD"
      SQLType="VARCHAR" >
      <DesignTime>
         <Attr Name="_DisplaySize" Value="100" />
      </DesignTime>
   </ViewAttribute>
   <ViewAttribute
      Name="StartPeriod"
      IsUpdateable="false"
      IsPersistent="false"
      IsNotNull="true"
      Precision="100"
      Type="java.lang.String"
      ColumnType="VARCHAR2"
      AliasName="START_PERIOD"
      Expression="START_PERIOD"
      SQLType="VARCHAR" >
      <DesignTime>
         <Attr Name="_DisplaySize" Value="100" />
      </DesignTime>
   </ViewAttribute>
   <ViewAttribute
      Name="EndPeriod"
      IsUpdateable="false"
      IsPersistent="false"
      IsNotNull="true"
      Precision="10"
      Type="java.lang.String"
      ColumnType="VARCHAR2"
      AliasName="END_PERIOD"
      Expression="END_PERIOD"
      SQLType="VARCHAR" >
      <DesignTime>
         <Attr Name="_DisplaySize" Value="10" />
      </DesignTime>
   </ViewAttribute>
   <ViewAttribute
      Name="SafSumariaId"
      IsUpdateable="false"
      IsPersistent="false"
      IsNotNull="true"
      Type="oracle.jbo.domain.Number"
      ColumnType="NUMBER"
      AliasName="SAF_SUMARIA_ID"
      Expression="SAF_SUMARIA_ID"
      SQLType="NUMERIC" >
      <DesignTime>
         <Attr Name="_DisplaySize" Value="22" />
      </DesignTime>
   </ViewAttribute>
   <ViewAttribute
      Name="XmlString"
      IsQueriable="false"
      IsPersistent="false"
      IsNotNull="true"
      Type="oracle.jbo.domain.ClobDomain"
      ColumnType="CLOB"
      AliasName="XML_STRING"
      Expression="XML_STRING"
      SQLType="CLOB" >
   </ViewAttribute>
   <ViewAttribute
      Name="LastUpdateDate"
      IsUpdateable="false"
      IsPersistent="false"
      IsNotNull="true"
      Type="oracle.jbo.domain.Date"
      ColumnType="DATE"
      AliasName="LAST_UPDATE_DATE"
      Expression="LAST_UPDATE_DATE"
      SQLType="DATE" >
      <DesignTime>
         <Attr Name="_DisplaySize" Value="7" />
      </DesignTime>
   </ViewAttribute>
   <ViewAttribute
      Name="LastUpdatedBy"
      IsUpdateable="false"
      IsPersistent="false"
      IsNotNull="true"
      Type="oracle.jbo.domain.Number"
      ColumnType="NUMBER"
      AliasName="LAST_UPDATED_BY"
      Expression="LAST_UPDATED_BY"
      SQLType="NUMERIC" >
      <DesignTime>
         <Attr Name="_DisplaySize" Value="22" />
      </DesignTime>
   </ViewAttribute>
   <ViewAttribute
      Name="LastUpdateLogin"
      IsUpdateable="false"
      IsPersistent="false"
      Type="oracle.jbo.domain.Number"
      ColumnType="NUMBER"
      AliasName="LAST_UPDATE_LOGIN"
      Expression="LAST_UPDATE_LOGIN"
      SQLType="NUMERIC" >
      <DesignTime>
         <Attr Name="_DisplaySize" Value="22" />
      </DesignTime>
   </ViewAttribute>
   <ViewAttribute
      Name="CreatedBy"
      IsUpdateable="false"
      IsPersistent="false"
      IsNotNull="true"
      Type="oracle.jbo.domain.Number"
      ColumnType="NUMBER"
      AliasName="CREATED_BY"
      Expression="CREATED_BY"
      SQLType="NUMERIC" >
      <DesignTime>
         <Attr Name="_DisplaySize" Value="22" />
      </DesignTime>
   </ViewAttribute>
   <ViewAttribute
      Name="CreationDate"
      IsUpdateable="false"
      IsPersistent="false"
      IsNotNull="true"
      Type="oracle.jbo.domain.Date"
      ColumnType="DATE"
      AliasName="CREATION_DATE"
      Expression="CREATION_DATE"
      SQLType="DATE" >
      <DesignTime>
         <Attr Name="_DisplaySize" Value="7" />
      </DesignTime>
   </ViewAttribute>
   <ViewAttribute
      Name="RequestId"
      IsUpdateable="false"
      IsPersistent="false"
      Type="oracle.jbo.domain.Number"
      ColumnType="NUMBER"
      AliasName="REQUEST_ID"
      Expression="REQUEST_ID"
      SQLType="NUMERIC" >
      <DesignTime>
         <Attr Name="_DisplaySize" Value="22" />
      </DesignTime>
   </ViewAttribute>
   <ViewAttribute
      Name="ProgramApplicationId"
      IsUpdateable="false"
      IsPersistent="false"
      Type="oracle.jbo.domain.Number"
      ColumnType="NUMBER"
      AliasName="PROGRAM_APPLICATION_ID"
      Expression="PROGRAM_APPLICATION_ID"
      SQLType="NUMERIC" >
      <DesignTime>
         <Attr Name="_DisplaySize" Value="22" />
      </DesignTime>
   </ViewAttribute>
   <ViewAttribute
      Name="ProgramId"
      IsUpdateable="false"
      IsPersistent="false"
      Type="oracle.jbo.domain.Number"
      ColumnType="NUMBER"
      AliasName="PROGRAM_ID"
      Expression="PROGRAM_ID"
      SQLType="NUMERIC" >
      <DesignTime>
         <Attr Name="_DisplaySize" Value="22" />
      </DesignTime>
   </ViewAttribute>
   <ViewAttribute
      Name="ProgramUpdateDate"
      IsUpdateable="false"
      IsPersistent="false"
      Type="oracle.jbo.domain.Date"
      ColumnType="DATE"
      AliasName="PROGRAM_UPDATE_DATE"
      Expression="PROGRAM_UPDATE_DATE"
      SQLType="DATE" >
      <DesignTime>
         <Attr Name="_DisplaySize" Value="7" />
      </DesignTime>
   </ViewAttribute>
   <ViewAttribute
      Name="AttributeCategory"
      IsUpdateable="false"
      IsPersistent="false"
      Precision="30"
      Type="java.lang.String"
      ColumnType="VARCHAR2"
      AliasName="ATTRIBUTE_CATEGORY"
      Expression="ATTRIBUTE_CATEGORY"
      SQLType="VARCHAR" >
      <DesignTime>
         <Attr Name="_DisplaySize" Value="30" />
      </DesignTime>
   </ViewAttribute>
   <ViewAttribute
      Name="Attribute1"
      IsUpdateable="false"
      IsPersistent="false"
      Precision="150"
      Type="java.lang.String"
      ColumnType="VARCHAR2"
      AliasName="ATTRIBUTE1"
      Expression="ATTRIBUTE1"
      SQLType="VARCHAR" >
      <DesignTime>
         <Attr Name="_DisplaySize" Value="150" />
      </DesignTime>
   </ViewAttribute>
   <ViewAttribute
      Name="Attribute2"
      IsUpdateable="false"
      IsPersistent="false"
      Precision="150"
      Type="java.lang.String"
      ColumnType="VARCHAR2"
      AliasName="ATTRIBUTE2"
      Expression="ATTRIBUTE2"
      SQLType="VARCHAR" >
      <DesignTime>
         <Attr Name="_DisplaySize" Value="150" />
      </DesignTime>
   </ViewAttribute>
   <ViewAttribute
      Name="Attribute3"
      IsUpdateable="false"
      IsPersistent="false"
      Precision="150"
      Type="java.lang.String"
      ColumnType="VARCHAR2"
      AliasName="ATTRIBUTE3"
      Expression="ATTRIBUTE3"
      SQLType="VARCHAR" >
      <DesignTime>
         <Attr Name="_DisplaySize" Value="150" />
      </DesignTime>
   </ViewAttribute>
   <ViewAttribute
      Name="Attribute4"
      IsUpdateable="false"
      IsPersistent="false"
      Precision="150"
      Type="java.lang.String"
      ColumnType="VARCHAR2"
      AliasName="ATTRIBUTE4"
      Expression="ATTRIBUTE4"
      SQLType="VARCHAR" >
      <DesignTime>
         <Attr Name="_DisplaySize" Value="150" />
      </DesignTime>
   </ViewAttribute>
   <ViewAttribute
      Name="Attribute5"
      IsUpdateable="false"
      IsPersistent="false"
      Precision="150"
      Type="java.lang.String"
      ColumnType="VARCHAR2"
      AliasName="ATTRIBUTE5"
      Expression="ATTRIBUTE5"
      SQLType="VARCHAR" >
      <DesignTime>
         <Attr Name="_DisplaySize" Value="150" />
      </DesignTime>
   </ViewAttribute>
   <ViewAttribute
      Name="Clob"
      IsUpdateable="false"
      IsQueriable="false"
      IsPersistent="false"
      IsNotNull="true"
      Type="oracle.jbo.domain.ClobDomain"
      ColumnType="CLOB"
      AliasName="CLOB"
      SQLType="CLOB" >
   </ViewAttribute>
   <ViewAttribute
      Name="FileSumaria"
      IsSelected="false"
      IsPersistent="false"
      Type="oracle.jbo.domain.BlobDomain"
      ColumnType="BLOB"
      AliasName="VIEW_ATTR"
      SQLType="BLOB" >
   </ViewAttribute>
</ViewObject>
