<?xml version = '1.0' encoding = 'UTF-8'?>
<page xmlns:jrad="http://xmlns.oracle.com/jrad" xmlns:oa="http://xmlns.oracle.com/oa" xmlns:ui="http://xmlns.oracle.com/uix/ui" version="10.1.3_1312" xml:lang="en-US" xmlns:user="http://xmlns.oracle.com/jrad/user" xmlns="http://xmlns.oracle.com/jrad" file-version="$Header$">
   <content>
      <oa:pageLayout id="PageLayoutRN" controllerClass="xxgam.oracle.apps.fa.sumaria.inquiry.summary.webui.XxGamSumariaCO" amDefName="xxgam.oracle.apps.fa.sumaria.inquiry.server.InquiryAM" windowTitle="SUMARIA" title="SUMARIA">
         <ui:corporateBranding>
            <oa:image id="corporateBrandingImage" source="/OA_MEDIA/FNDSSCORP.gif"/>
         </ui:corporateBranding>
         <ui:contents>
            <oa:table id="XxGamSafSumariaTblVO1" text="Repositorio Sumaria">
               <ui:contents>
                  <oa:messageStyledText id="OperatingUnit" dataType="VARCHAR2" prompt="OperatingUnit" viewName="XxGamSafSumariaTblVO1" viewAttr="OperatingUnit" maximumLength="100"/>
                  <oa:messageStyledText id="Period" dataType="VARCHAR2" prompt="Period" viewName="XxGamSafSumariaTblVO1" viewAttr="Period" maximumLength="100"/>
                  <oa:messageStyledText id="StartPeriod" dataType="VARCHAR2" prompt="StartPeriod" viewName="XxGamSafSumariaTblVO1" viewAttr="StartPeriod" maximumLength="100" rendered="false"/>
                  <oa:messageStyledText id="EndPeriod" dataType="VARCHAR2" prompt="EndPeriod" viewName="XxGamSafSumariaTblVO1" viewAttr="EndPeriod" maximumLength="10" rendered="false"/>
                  <oa:messageStyledText id="SafSumariaId" dataType="NUMBER" prompt="SafSumariaId" viewName="XxGamSafSumariaTblVO1" viewAttr="SafSumariaId" rendered="false"/>
                  <oa:messageStyledText id="Clob" dataType="VARCHAR2" prompt="Clob" viewName="XxGamSafSumariaTblVO1" viewAttr="Clob" rendered="false"/>
                  <oa:messageStyledText id="LastUpdateDate" dataType="DATE" prompt="LastUpdateDate" viewName="XxGamSafSumariaTblVO1" viewAttr="LastUpdateDate" rendered="false"/>
                  <oa:messageStyledText id="LastUpdatedBy" dataType="NUMBER" prompt="LastUpdatedBy" viewName="XxGamSafSumariaTblVO1" viewAttr="LastUpdatedBy" rendered="false"/>
                  <oa:messageStyledText id="LastUpdateLogin" dataType="NUMBER" prompt="LastUpdateLogin" viewName="XxGamSafSumariaTblVO1" viewAttr="LastUpdateLogin" rendered="false"/>
                  <oa:messageStyledText id="CreatedBy" dataType="NUMBER" prompt="CreatedBy" viewName="XxGamSafSumariaTblVO1" viewAttr="CreatedBy" rendered="false"/>
                  <oa:messageStyledText id="CreationDate" dataType="DATE" prompt="CreationDate" viewName="XxGamSafSumariaTblVO1" viewAttr="CreationDate" rendered="false"/>
                  <oa:messageStyledText id="RequestId" dataType="NUMBER" prompt="RequestId" viewName="XxGamSafSumariaTblVO1" viewAttr="RequestId" rendered="false"/>
                  <oa:messageStyledText id="ProgramApplicationId" dataType="NUMBER" prompt="ProgramApplicationId" viewName="XxGamSafSumariaTblVO1" viewAttr="ProgramApplicationId" rendered="false"/>
                  <oa:messageStyledText id="ProgramId" dataType="NUMBER" prompt="ProgramId" viewName="XxGamSafSumariaTblVO1" viewAttr="ProgramId" rendered="false"/>
                  <oa:messageStyledText id="ProgramUpdateDate" dataType="DATE" prompt="ProgramUpdateDate" viewName="XxGamSafSumariaTblVO1" viewAttr="ProgramUpdateDate" rendered="false"/>
                  <oa:messageStyledText id="AttributeCategory" dataType="VARCHAR2" prompt="AttributeCategory" viewName="XxGamSafSumariaTblVO1" viewAttr="AttributeCategory" maximumLength="30" rendered="false"/>
                  <oa:messageStyledText id="Attribute1" dataType="VARCHAR2" prompt="Attribute1" viewName="XxGamSafSumariaTblVO1" viewAttr="Attribute1" maximumLength="150" rendered="false"/>
                  <oa:messageStyledText id="Attribute2" dataType="VARCHAR2" prompt="Attribute2" viewName="XxGamSafSumariaTblVO1" viewAttr="Attribute2" maximumLength="150" rendered="false"/>
                  <oa:messageStyledText id="Attribute3" dataType="VARCHAR2" prompt="Attribute3" viewName="XxGamSafSumariaTblVO1" viewAttr="Attribute3" maximumLength="150" rendered="false"/>
                  <oa:messageStyledText id="Attribute4" dataType="VARCHAR2" prompt="Attribute4" viewName="XxGamSafSumariaTblVO1" viewAttr="Attribute4" maximumLength="150" rendered="false"/>
                  <oa:messageStyledText id="Attribute5" dataType="VARCHAR2" prompt="Attribute5" viewName="XxGamSafSumariaTblVO1" viewAttr="Attribute5" maximumLength="150" rendered="false"/>
                  <oa:image id="ArchivoExcel" source="file_xls.gif" prompt="Descargar Excel">
                     <ui:primaryClientAction>
                        <ui:fireAction event="ArchivoExcelEvt">
                           <ui:parameters>
                              <ui:parameter key="pCurrentId" value="${oa.XxGamSafSumariaTblVO1.SafSumariaId}"/>
                           </ui:parameters>
                        </ui:fireAction>
                     </ui:primaryClientAction>
                  </oa:image>
                  <oa:messageFileUpload id="MessageFileUpload" prompt="Cargar nuevo" viewName="XxGamSafSumariaTblVO1" viewAttr="FileSumaria" dataType="BLOB"/>
                  <oa:submitButton id="ActualizarBtn" text="Actualizar" prompt="Actualizar">
                     <ui:primaryClientAction>
                        <ui:fireAction event="ActualizarEvt">
                           <ui:parameters>
                              <ui:parameter key="pSumariaId" value="${oa.XxGamSafSumariaTblVO1.SafSumariaId}"/>
                           </ui:parameters>
                        </ui:fireAction>
                     </ui:primaryClientAction>
                  </oa:submitButton>
               </ui:contents>
            </oa:table>
         </ui:contents>
      </oa:pageLayout>
   </content>
</page>
