<?xml version='1.0' encoding='windows-1252' ?>
<!DOCTYPE ViewObject SYSTEM "jbo_03_01.dtd">

<ViewObject
   Name="XxGamUnidadOperativaVO"
   BindingStyle="OracleName"
   CustomQuery="true"
   RowClass="xxgam.oracle.apps.fa.sumaria.inquiry.lov.server.XxGamUnidadOperativaVORowImpl"
   ComponentClass="oracle.apps.fnd.framework.server.OAViewObjectImpl"
   UseGlueCode="false" >
   <SQLQuery><![CDATA[
select lookup_code ||' - '||meaning ORGANIZACION,
         LOOKUP_CODE ID
from fnd_lookup_values
where lookup_type = 'XXGAM_HR_CA_ORG_ACTIVAS'
and language = 'ESA'
ORDER BY lookup_code
   ]]></SQLQuery>
   <DesignTime>
      <Attr Name="_isCodegen" Value="true" />
      <Attr Name="_isExpertMode" Value="true" />
      <Attr Name="_version" Value="10.1.3.43.6" />
      <Attr Name="_codeGenFlag2" Value="Access|VarAccess" />
   </DesignTime>
   <ViewAttribute
      Name="Organizacion"
      IsUpdateable="false"
      IsPersistent="false"
      Precision="113"
      Type="java.lang.String"
      ColumnType="VARCHAR2"
      AliasName="ORGANIZACION"
      Expression="ORGANIZACION"
      SQLType="VARCHAR" >
      <DesignTime>
         <Attr Name="_DisplaySize" Value="113" />
      </DesignTime>
   </ViewAttribute>
   <ViewAttribute
      Name="Id"
      IsUpdateable="false"
      IsPersistent="false"
      IsNotNull="true"
      Precision="30"
      Type="java.lang.String"
      ColumnType="VARCHAR2"
      AliasName="ID"
      Expression="ID"
      SQLType="VARCHAR" >
      <DesignTime>
         <Attr Name="_DisplaySize" Value="30" />
      </DesignTime>
   </ViewAttribute>
</ViewObject>
