<?xml version='1.0' encoding='windows-1252' ?>
<!DOCTYPE ViewObject SYSTEM "jbo_03_01.dtd">

<ViewObject
   Name="XxGamDivisaVO"
   BindingStyle="OracleName"
   CustomQuery="true"
   RowClass="xxgam.oracle.apps.fa.sumaria.inquiry.lov.server.XxGamDivisaVORowImpl"
   ComponentClass="oracle.apps.fnd.framework.server.OAViewObjectImpl"
   UseGlueCode="false" >
   <SQLQuery><![CDATA[
select GL.NAME DIVISA
from GL_LEDGERS GL
WHERE  1 = 1
AND GL.NAME = 'GAM_MXN' OR GL.NAME = 'GAM_USD'
   ]]></SQLQuery>
   <DesignTime>
      <Attr Name="_isCodegen" Value="true" />
      <Attr Name="_isExpertMode" Value="true" />
      <Attr Name="_version" Value="10.1.3.43.6" />
      <Attr Name="_codeGenFlag2" Value="Access|VarAccess" />
   </DesignTime>
   <ViewAttribute
      Name="Name"
      IsUpdateable="false"
      IsPersistent="false"
      IsNotNull="true"
      Precision="30"
      Type="java.lang.String"
      ColumnType="VARCHAR2"
      AliasName="NAME"
      SQLType="VARCHAR" >
      <DesignTime>
         <Attr Name="_DisplaySize" Value="30" />
      </DesignTime>
   </ViewAttribute>
   <ViewAttribute
      Name="Divisa"
      IsPersistent="false"
      IsNotNull="true"
      Precision="30"
      Type="java.lang.String"
      ColumnType="VARCHAR2"
      AliasName="DIVISA"
      Expression="DIVISA"
      SQLType="VARCHAR" >
      <DesignTime>
         <Attr Name="_DisplaySize" Value="30" />
      </DesignTime>
   </ViewAttribute>
</ViewObject>
