<?xml version = '1.0' encoding = 'UTF-8'?>
<page xmlns:jrad="http://xmlns.oracle.com/jrad" xmlns:oa="http://xmlns.oracle.com/oa" xmlns:ui="http://xmlns.oracle.com/uix/ui" version="10.1.3_1312" xml:lang="en-US" xmlns:user="http://xmlns.oracle.com/jrad/user" xmlns="http://xmlns.oracle.com/jrad" file-version="$Header$">
   <content>
      <oa:pageLayout id="PageLayoutRN" amDefName="xxgam.oracle.apps.fa.sumaria.inquiry.server.InquiryAM" windowTitle="Operacion Mensual" title="Operacion Mensual" controllerClass="xxgam.oracle.apps.fa.sumaria.inquiry.ptd.webui.OperacionMensualCO">
         <ui:corporateBranding>
            <oa:image id="corporateBrandingImage" source="/OA_MEDIA/FNDSSCORP.gif"/>
         </ui:corporateBranding>
         <ui:contents>
            <oa:pageButtonBar id="PageButtonBarRN">
               <ui:contents>
                  <oa:submitButton id="DespliegaBtn" text="Despliega" prompt="Despliega"/>
               </ui:contents>
            </oa:pageButtonBar>
         </ui:contents>
         <ui:productBranding>
            <oa:image id="ProdBrand" source="FNDTAPPBRAND.gif" shortDesc="Operacion Mensual"/>
         </ui:productBranding>
      </oa:pageLayout>
   </content>
</page>
