<?xml version = '1.0' encoding = 'UTF-8'?>
<page xmlns:jrad="http://xmlns.oracle.com/jrad" xmlns:oa="http://xmlns.oracle.com/oa" xmlns:ui="http://xmlns.oracle.com/uix/ui" version="10.1.3_1312" xml:lang="en-US" xmlns:user="http://xmlns.oracle.com/jrad/user" xmlns="http://xmlns.oracle.com/jrad" file-version="$Header$">
   <content>
      <oa:pageLayout id="PageLayoutRN" controllerClass="xxgam.oracle.apps.fa.sumaria.inquiry.ytde.webui.OperacionAcumuladaExcelCO" amDefName="xxgam.oracle.apps.fa.sumaria.inquiry.server.InquiryAM" windowTitle="Operacion Acumulada Excel" title="Operacion Acumulada Excel">
         <ui:corporateBranding>
            <oa:image id="corporateBrandingImage" source="/OA_MEDIA/FNDSSCORP.gif"/>
         </ui:corporateBranding>
         <ui:contents>
            <oa:table id="XxGamSafYtdeTblVO1" width="100">
               <ui:contents>
                  <oa:messageStyledText id="SafYtdeId" dataType="NUMBER" prompt="SafYtdeId" viewName="XxGamSafYtdeTblVO1" viewAttr="SafYtdeId" rendered="false"/>
                  <oa:messageStyledText id="OperatingUnit" dataType="VARCHAR2" prompt="OperatingUnit" viewName="XxGamSafYtdeTblVO1" viewAttr="OperatingUnit" maximumLength="100"/>
                  <oa:messageStyledText id="Period" dataType="VARCHAR2" prompt="Period" viewName="XxGamSafYtdeTblVO1" viewAttr="Period" maximumLength="100"/>
                  <oa:messageStyledText id="StartPeriod" dataType="DATE" prompt="StartPeriod" viewName="XxGamSafYtdeTblVO1" viewAttr="StartPeriod" rendered="false"/>
                  <oa:messageStyledText id="EndPeriod" dataType="DATE" prompt="EndPeriod" viewName="XxGamSafYtdeTblVO1" viewAttr="EndPeriod" rendered="false"/>
                  <oa:messageStyledText id="CurrencyCode" dataType="VARCHAR2" prompt="CurrencyCode" viewName="XxGamSafYtdeTblVO1" viewAttr="CurrencyCode" maximumLength="10"/>
                  <oa:messageStyledText id="XmlString" dataType="VARCHAR2" prompt="XmlString" viewName="XxGamSafYtdeTblVO1" viewAttr="XmlString" rendered="false"/>
                  <oa:messageStyledText id="LastUpdateDate" dataType="DATE" prompt="LastUpdateDate" viewName="XxGamSafYtdeTblVO1" viewAttr="LastUpdateDate" rendered="false"/>
                  <oa:messageStyledText id="LastUpdatedBy" dataType="NUMBER" prompt="LastUpdatedBy" viewName="XxGamSafYtdeTblVO1" viewAttr="LastUpdatedBy" rendered="false"/>
                  <oa:messageStyledText id="LastUpdateLogin" dataType="NUMBER" prompt="LastUpdateLogin" viewName="XxGamSafYtdeTblVO1" viewAttr="LastUpdateLogin" rendered="false"/>
                  <oa:messageStyledText id="CreatedBy" dataType="NUMBER" prompt="CreatedBy" viewName="XxGamSafYtdeTblVO1" viewAttr="CreatedBy" rendered="false"/>
                  <oa:messageStyledText id="CreationDate" dataType="DATE" prompt="CreationDate" viewName="XxGamSafYtdeTblVO1" viewAttr="CreationDate" rendered="false"/>
                  <oa:messageStyledText id="RequestId" dataType="NUMBER" prompt="RequestId" viewName="XxGamSafYtdeTblVO1" viewAttr="RequestId" rendered="false"/>
                  <oa:messageStyledText id="ProgramApplicationId" dataType="NUMBER" prompt="ProgramApplicationId" viewName="XxGamSafYtdeTblVO1" viewAttr="ProgramApplicationId" rendered="false"/>
                  <oa:messageStyledText id="ProgramId" dataType="NUMBER" prompt="ProgramId" viewName="XxGamSafYtdeTblVO1" viewAttr="ProgramId" rendered="false"/>
                  <oa:messageStyledText id="ProgramUpdateDate" dataType="DATE" prompt="ProgramUpdateDate" viewName="XxGamSafYtdeTblVO1" viewAttr="ProgramUpdateDate" rendered="false"/>
                  <oa:messageStyledText id="AttributeCategory" dataType="VARCHAR2" prompt="AttributeCategory" viewName="XxGamSafYtdeTblVO1" viewAttr="AttributeCategory" maximumLength="30" rendered="false"/>
                  <oa:messageStyledText id="Attribute1" dataType="VARCHAR2" prompt="Attribute1" viewName="XxGamSafYtdeTblVO1" viewAttr="Attribute1" maximumLength="150" rendered="false"/>
                  <oa:messageStyledText id="Attribute2" dataType="VARCHAR2" prompt="Attribute2" viewName="XxGamSafYtdeTblVO1" viewAttr="Attribute2" maximumLength="150" rendered="false"/>
                  <oa:messageStyledText id="Attribute3" dataType="VARCHAR2" prompt="Attribute3" viewName="XxGamSafYtdeTblVO1" viewAttr="Attribute3" maximumLength="150" rendered="false"/>
                  <oa:messageStyledText id="Attribute4" dataType="VARCHAR2" prompt="Attribute4" viewName="XxGamSafYtdeTblVO1" viewAttr="Attribute4" maximumLength="150" rendered="false"/>
                  <oa:messageStyledText id="Attribute5" dataType="VARCHAR2" prompt="Attribute5" viewName="XxGamSafYtdeTblVO1" viewAttr="Attribute5" maximumLength="150" rendered="false"/>
                  <oa:image id="ArchivoExcel" source="file_xls.gif" prompt="Descargar Excel" viewName="XxGamSafYtdeTblVO1">
                     <ui:primaryClientAction>
                        <ui:fireAction event="ArchivoExcelEvt">
                           <ui:parameters>
                              <ui:parameter key="pCurrentId" value="${oa.XxGamSafYtdeTblVO1.SafYtdeId}"/>
                           </ui:parameters>
                        </ui:fireAction>
                     </ui:primaryClientAction>
                  </oa:image>
               </ui:contents>
            </oa:table>
         </ui:contents>
      </oa:pageLayout>
   </content>
</page>
